"성별","행정구역별",2017,2017,2017,2017,2018,2018,2018,2018,2019,2019,2019,2019,2020,2020,2020,2020,2020,2020,2020,2020,2021,2021,2021,2021,2021,2021,2021,2021
"성별","행정구역별",전체,전체,전체,전체,전체,전체,전체,전체,전체,전체,전체,전체,평일,평일,평일,평일,주말,주말,주말,주말,평일,평일,평일,평일,주말,주말,주말,주말
"성별","행정구역별",응답자수 (명),평균시간 (시간),표준오차 (%),변동계수 (%),응답자수 (명),평균시간 (시간),표준오차 (%),변동계수 (%),응답자수 (명),평균시간 (시간),표준오차 (%),변동계수 (%),응답자수 (명),평균시간 (시간),표준오차 (%),변동계수 (%),응답자수 (명),평균시간 (시간),표준오차 (%),변동계수 (%),응답자수 (명),평균시간 (시간),표준오차 (%),변동계수 (%),응답자수 (명),평균시간 (시간),표준오차 (%),변동계수 (%)
"전체","서울특별시",22943,6.5,0.0,0.1,22851,6.6,0.0,0.1,22919,6.5,0.0,0.1,22903,6.6,0.0,0.1,22905,7.4,0.0,0.2,22919,6.5,0.0,0.1,22921,7.3,0.0,0.2
"전체","서울특별시 강남구",916,6.5,0.0,0.5,917,6.6,0.0,0.6,922,6.6,0.0,0.5,917,6.6,0.0,0.6,917,7.4,0.0,0.7,925,6.5,0.0,0.6,925,7.2,0.0,0.7
"전체","서울특별시 강동구",916,6.5,0.0,0.6,915,6.5,0.0,0.7,920,6.4,0.0,0.7,916,6.6,0.0,0.6,916,7.3,0.1,0.7,916,6.5,0.0,0.6,917,7.4,0.0,0.6
"전체","서울특별시 강북구",920,6.4,0.0,0.7,873,6.5,0.1,0.8,918,6.5,0.0,0.7,914,6.5,0.0,0.6,914,7.2,0.1,0.8,915,6.5,0.0,0.7,915,7.3,0.1,0.9
"전체","서울특별시 강서구",920,6.5,0.0,0.6,916,6.5,0.1,0.8,919,6.5,0.0,0.6,913,6.7,0.0,0.7,913,7.3,0.1,0.8,918,6.5,0.0,0.6,918,7.2,0.1,0.9
"전체","서울특별시 관악구",915,6.5,0.0,0.7,915,6.7,0.0,0.6,916,6.5,0.0,0.6,916,6.7,0.0,0.6,916,7.4,0.0,0.6,919,6.5,0.0,0.6,919,7.3,0.0,0.6
"전체","서울특별시 광진구",916,6.5,0.0,0.5,917,6.6,0.0,0.6,917,6.5,0.0,0.6,921,6.7,0.0,0.6,921,7.4,0.1,0.7,916,6.5,0.0,0.7,917,7.3,0.1,0.8
"전체","서울특별시 구로구",919,6.4,0.0,0.6,915,6.5,0.0,0.7,916,6.5,0.0,0.7,915,6.6,0.0,0.7,915,7.2,0.1,0.9,915,6.7,0.0,0.6,915,7.4,0.1,0.7
"전체","서울특별시 금천구",914,6.5,0.0,0.7,916,6.5,0.0,0.7,916,6.6,0.0,0.6,916,6.5,0.0,0.7,916,7.4,0.1,0.8,916,6.5,0.0,0.7,916,7.3,0.1,0.8
"전체","서울특별시 노원구",923,6.5,0.0,0.5,916,6.6,0.0,0.6,917,6.5,0.0,0.7,916,6.6,0.0,0.7,916,7.2,0.1,0.8,916,6.5,0.0,0.7,916,7.1,0.1,0.7
"전체","서울특별시 도봉구",911,6.3,0.0,0.6,915,6.3,0.0,0.6,916,6.5,0.0,0.6,915,6.6,0.0,0.7,915,7.3,0.1,0.8,915,6.4,0.1,0.8,915,7.2,0.1,0.9
"전체","서울특별시 동대문구",918,6.5,0.0,0.8,920,6.6,0.0,0.6,917,6.5,0.0,0.6,915,6.7,0.0,0.7,916,7.3,0.1,0.8,918,6.6,0.0,0.7,918,7.2,0.1,0.7
"전체","서울특별시 동작구",916,6.4,0.0,0.6,917,6.6,0.0,0.6,914,6.5,0.0,0.6,916,6.7,0.0,0.6,916,7.4,0.1,0.7,916,6.6,0.0,0.7,916,7.3,0.1,0.7
"전체","서울특별시 마포구",915,6.6,0.0,0.5,914,6.6,0.0,0.5,916,6.5,0.0,0.6,914,6.6,0.0,0.6,914,7.4,0.0,0.6,918,6.7,0.0,0.7,918,7.4,0.0,0.6
"전체","서울특별시 서대문구",916,6.3,0.0,0.7,914,6.7,0.0,0.6,916,6.6,0.1,0.8,920,6.6,0.1,0.8,920,7.4,0.1,0.9,915,6.5,0.0,0.7,915,7.3,0.1,0.8
"전체","서울특별시 서초구",917,6.5,0.0,0.7,916,6.6,0.0,0.6,916,6.6,0.0,0.6,916,6.7,0.0,0.7,916,7.4,0.0,0.6,920,6.6,0.0,0.6,919,7.3,0.0,0.6
"전체","서울특별시 성동구",914,6.5,0.0,0.7,913,6.5,0.0,0.6,915,6.6,0.0,0.6,915,6.6,0.0,0.6,915,7.5,0.0,0.7,916,6.6,0.0,0.6,916,7.3,0.1,0.8
"전체","서울특별시 성북구",921,6.5,0.0,0.6,915,6.5,0.0,0.6,917,6.5,0.0,0.7,917,6.7,0.0,0.6,917,7.5,0.1,0.8,914,6.6,0.0,0.6,914,7.3,0.0,0.7
"전체","서울특별시 송파구",935,6.5,0.0,0.6,924,6.6,0.0,0.6,923,6.6,0.0,0.5,927,6.6,0.0,0.5,927,7.4,0.0,0.6,924,6.6,0.0,0.7,924,7.3,0.0,0.5
"전체","서울특별시 양천구",918,6.4,0.0,0.6,916,6.5,0.0,0.5,915,6.5,0.0,0.7,915,6.7,0.0,0.7,915,7.4,0.1,0.8,916,6.5,0.0,0.6,916,7.3,0.1,0.8
"전체","서울특별시 영등포구",921,6.4,0.0,0.6,917,6.6,0.0,0.7,915,6.5,0.0,0.6,915,6.6,0.0,0.6,915,7.4,0.1,0.8,915,6.6,0.0,0.7,915,7.5,0.1,0.7
"전체","서울특별시 용산구",917,6.5,0.0,0.7,916,6.6,0.0,0.7,919,6.6,0.0,0.6,915,6.7,0.0,0.7,915,7.3,0.1,0.7,914,6.6,0.0,0.7,914,7.3,0.1,0.8
"전체","서울특별시 은평구",914,6.5,0.0,0.7,913,6.6,0.0,0.6,915,6.4,0.0,0.6,919,6.7,0.0,0.6,918,7.4,0.0,0.6,914,6.6,0.0,0.7,915,7.3,0.1,0.8
"전체","서울특별시 종로구",925,6.4,0.0,0.6,913,6.6,0.0,0.7,914,6.4,0.0,0.7,917,6.6,0.0,0.6,917,7.3,0.1,0.7,913,6.5,0.0,0.6,913,7.1,0.1,0.9
"전체","서울특별시 중구",912,6.5,0.0,0.7,913,6.5,0.0,0.6,911,6.5,0.0,0.7,909,6.6,0.0,0.5,911,7.2,0.0,0.7,920,6.7,0.0,0.6,920,7.4,0.1,0.8
"전체","서울특별시 중랑구",914,6.5,0.0,0.7,915,6.7,0.0,0.7,919,6.5,0.0,0.6,914,6.6,0.0,0.6,914,7.4,0.1,0.8,915,6.4,0.0,0.6,915,7.2,0.1,0.7
"전체","부산광역시",14518,6.5,0.0,0.2,14512,6.7,0.0,0.2,14507,6.6,0.0,0.2,14504,6.7,0.0,0.2,14503,7.3,0.0,0.2,14506,6.6,0.0,0.2,14507,7.2,0.0,0.2
"전체","부산광역시 강서구",901,6.6,0.0,0.7,900,6.7,0.1,0.8,901,6.6,0.0,0.7,901,6.7,0.0,0.6,901,7.3,0.1,0.7,901,6.7,0.0,0.6,901,7.2,0.1,0.8
"전체","부산광역시 금정구",912,6.7,0.0,0.5,910,6.7,0.0,0.6,909,6.5,0.0,0.6,909,6.7,0.0,0.7,909,7.3,0.1,0.9,909,6.5,0.0,0.7,909,7.2,0.1,0.8
"전체","부산광역시 기장군",906,6.6,0.0,0.7,906,6.6,0.0,0.6,906,6.6,0.0,0.7,906,6.7,0.0,0.7,906,7.2,0.1,0.9,906,6.6,0.0,0.7,906,7.2,0.1,0.9
"전체","부산광역시 남구",909,6.6,0.1,0.8,909,6.7,0.0,0.6,910,6.6,0.0,0.6,909,6.6,0.0,0.7,909,7.2,0.1,0.7,909,6.5,0.0,0.6,909,7.1,0.1,0.8
"전체","부산광역시 동구",905,6.4,0.0,0.6,904,6.5,0.0,0.8,904,6.5,0.1,0.8,902,6.8,0.1,0.8,902,7.4,0.1,0.9,903,6.5,0.0,0.7,903,7.2,0.1,1.0
"전체","부산광역시 동래구",916,6.6,0.0,0.6,912,6.9,0.0,0.6,909,6.7,0.0,0.6,909,6.7,0.0,0.6,909,7.3,0.0,0.7,909,6.5,0.0,0.6,909,7.2,0.1,0.9
"전체","부산광역시 부산진구",909,6.4,0.0,0.7,910,6.6,0.0,0.7,910,6.5,0.0,0.5,910,6.6,0.0,0.5,910,7.2,0.1,0.8,910,6.6,0.0,0.7,910,7.3,0.1,0.8
"전체","부산광역시 북구",910,6.5,0.0,0.6,910,6.5,0.0,0.6,909,6.6,0.0,0.7,909,6.7,0.0,0.6,909,7.3,0.1,0.8,909,6.6,0.0,0.7,909,7.1,0.1,0.8
"전체","부산광역시 사상구",909,6.6,0.0,0.7,911,6.7,0.0,0.7,909,6.6,0.0,0.6,909,6.6,0.0,0.6,909,7.3,0.1,0.8,908,6.7,0.1,0.8,909,7.4,0.1,0.9
"전체","부산광역시 사하구",909,6.5,0.0,0.8,909,6.6,0.0,0.5,910,6.5,0.0,0.7,910,6.7,0.0,0.7,910,7.3,0.1,0.8,910,6.6,0.0,0.7,910,7.3,0.1,0.8
"전체","부산광역시 서구",905,6.5,0.0,0.7,905,6.6,0.0,0.7,905,6.6,0.0,0.7,903,6.7,0.0,0.7,902,7.2,0.1,0.9,905,6.6,0.0,0.7,905,7.2,0.1,0.9
"전체","부산광역시 수영구",908,6.5,0.0,0.6,908,6.6,0.0,0.7,908,6.5,0.0,0.7,908,6.7,0.1,0.8,908,7.4,0.1,0.8,908,6.5,0.0,0.6,908,7.0,0.1,0.8
"전체","부산광역시 연제구",908,6.6,0.0,0.6,908,6.8,0.1,0.8,909,6.7,0.0,0.7,908,6.7,0.0,0.6,908,7.4,0.1,0.8,910,6.6,0.0,0.7,910,7.1,0.1,0.8
"전체","부산광역시 영도구",907,6.5,0.0,0.7,906,6.6,0.0,0.7,906,6.4,0.0,0.6,906,6.6,0.0,0.6,906,7.1,0.1,0.8,904,6.5,0.0,0.7,904,7.0,0.1,0.8
"전체","부산광역시 중구",894,6.4,0.0,0.8,896,6.5,0.1,0.8,895,6.6,0.0,0.7,895,6.6,0.0,0.7,895,7.1,0.1,0.8,895,6.5,0.1,0.8,895,7.0,0.1,1.0
"전체","부산광역시 해운대구",910,6.5,0.0,0.7,908,6.6,0.0,0.7,907,6.6,0.0,0.7,910,6.6,0.0,0.6,910,7.1,0.1,0.8,910,6.6,0.0,0.7,910,7.2,0.1,0.7
"전체","대구광역시",7305,6.5,0.0,0.2,7298,6.7,0.0,0.2,7290,6.6,0.0,0.2,7316,6.7,0.0,0.2,7317,7.3,0.0,0.3,7323,6.6,0.0,0.3,7325,7.2,0.0,0.3
"전체","대구광역시 남구",913,6.7,0.0,0.6,912,6.6,0.0,0.6,911,6.4,0.0,0.7,915,6.7,0.0,0.6,915,7.3,0.1,0.7,915,6.6,0.0,0.8,915,7.1,0.1,0.8
"전체","대구광역시 달서구",921,6.5,0.0,0.6,917,6.7,0.0,0.6,914,6.6,0.0,0.6,915,6.6,0.0,0.7,915,7.4,0.1,0.9,921,6.6,0.0,0.7,921,7.3,0.1,0.8
"전체","대구광역시 달성군",908,6.6,0.0,0.7,911,6.6,0.0,0.7,910,6.6,0.0,0.7,913,6.7,0.0,0.7,913,7.3,0.1,0.8,915,6.5,0.0,0.7,916,7.2,0.1,0.9
"전체","대구광역시 동구",916,6.6,0.0,0.6,916,6.7,0.0,0.6,913,6.6,0.0,0.6,917,6.8,0.0,0.6,917,7.3,0.0,0.6,913,6.6,0.0,0.7,913,7.2,0.1,0.7
"전체","대구광역시 북구",917,6.5,0.0,0.5,913,6.7,0.0,0.6,913,6.7,0.0,0.5,914,6.6,0.0,0.6,914,7.3,0.1,0.8,915,6.5,0.0,0.6,915,7.2,0.1,0.7
"전체","대구광역시 서구",910,6.4,0.0,0.6,911,6.6,0.0,0.6,911,6.4,0.0,0.7,917,6.7,0.0,0.6,917,7.1,0.1,0.7,914,6.5,0.0,0.7,914,7.1,0.1,0.8
"전체","대구광역시 수성구",915,6.6,0.0,0.5,914,6.7,0.0,0.5,913,6.7,0.0,0.6,916,6.7,0.0,0.5,916,7.3,0.0,0.6,923,6.7,0.0,0.6,923,7.2,0.0,0.7
"전체","대구광역시 중구",905,6.7,0.0,0.7,904,7.0,0.1,0.7,905,7.0,0.0,0.7,909,7.0,0.0,0.6,910,7.6,0.1,0.8,907,6.5,0.0,0.7,908,7.2,0.1,0.8
"전체","인천광역시",8982,6.5,0.0,0.2,8975,6.5,0.0,0.3,8971,6.5,0.0,0.3,8976,6.6,0.0,0.3,8975,7.4,0.0,0.3,8973,6.5,0.0,0.3,8973,7.3,0.0,0.3
"전체","인천광역시 강화군",895,6.6,0.0,0.7,894,6.6,0.0,0.7,893,6.7,0.1,0.8,894,6.7,0.0,0.7,894,7.0,0.1,1.0,894,6.7,0.0,0.6,894,6.9,0.1,0.8
"전체","인천광역시 계양구",904,6.5,0.0,0.7,905,6.5,0.0,0.7,902,6.4,0.0,0.7,901,6.5,0.0,0.7,901,7.3,0.1,0.8,902,6.5,0.0,0.7,902,7.3,0.1,0.8
"전체","인천광역시 남구",901,6.3,0.0,0.5,902,6.5,0.1,0.8,-,-,-,-,-,-,-,-,-,-,-,-,-,-,-,-,-,-,-,-
"전체","인천광역시 미추홀구",-,-,-,-,-,-,-,-,902,6.4,0.0,0.5,903,6.6,0.0,0.5,903,7.5,0.1,0.9,902,6.5,0.0,0.6,902,7.2,0.1,0.8
"전체","인천광역시 남동구",906,6.4,0.0,0.7,904,6.5,0.0,0.6,903,6.5,0.0,0.7,903,6.7,0.0,0.6,902,7.4,0.0,0.6,902,6.6,0.0,0.6,902,7.5,0.1,0.7
"전체","인천광역시 동구",899,6.5,0.0,0.8,895,6.8,0.0,0.7,895,6.6,0.1,0.8,896,6.6,0.1,0.8,896,7.4,0.1,0.9,896,6.5,0.0,0.6,896,7.1,0.1,0.9
"전체","인천광역시 부평구",903,6.5,0.0,0.6,903,6.5,0.1,0.8,905,6.4,0.1,0.9,905,6.6,0.0,0.7,905,7.3,0.1,0.8,904,6.5,0.0,0.7,904,7.2,0.1,0.8
"전체","인천광역시 서구",902,6.5,0.0,0.6,902,6.5,0.0,0.7,902,6.7,0.0,0.7,902,6.6,0.1,0.8,902,7.4,0.1,0.8,903,6.5,0.1,0.8,903,7.4,0.0,0.6
"전체","인천광역시 연수구",906,6.5,0.0,0.6,902,6.6,0.0,0.6,904,6.5,0.0,0.6,905,6.6,0.0,0.7,905,7.4,0.1,0.8,904,6.5,0.0,0.7,904,7.2,0.1,0.8
"전체","인천광역시 옹진군",867,6.5,0.1,1.1,871,6.8,0.1,0.8,866,6.6,0.1,0.9,868,6.7,0.1,0.9,868,7.1,0.1,1.1,868,6.6,0.1,0.9,868,6.9,0.1,1.1
"전체","인천광역시 중구",899,6.6,0.0,0.6,897,6.7,0.1,0.8,899,6.6,0.0,0.6,899,6.7,0.1,0.8,899,7.5,0.1,0.8,898,6.5,0.0,0.7,898,7.2,0.1,0.9
"전체","광주광역시",4582,6.6,0.0,0.3,4562,6.7,0.0,0.3,4568,6.6,0.0,0.3,4616,6.7,0.0,0.3,4615,7.4,0.0,0.3,4602,6.6,0.0,0.3,4602,7.3,0.0,0.4
"전체","광주광역시 광산구",920,6.7,0.0,0.7,914,6.9,0.0,0.6,915,6.6,0.0,0.5,922,6.8,0.0,0.5,922,7.4,0.0,0.6,924,6.6,0.0,0.6,924,7.5,0.1,0.7
"전체","광주광역시 남구",915,6.6,0.0,0.7,914,6.8,0.0,0.6,915,6.6,0.1,0.8,931,6.6,0.0,0.5,930,7.3,0.1,0.7,919,6.6,0.0,0.6,919,7.1,0.0,0.6
"전체","광주광역시 동구",912,6.5,0.0,0.7,907,6.6,0.0,0.7,909,6.6,0.0,0.6,911,6.7,0.0,0.7,911,7.3,0.1,0.8,917,6.8,0.0,0.6,917,7.4,0.1,0.8
"전체","광주광역시 북구",916,6.5,0.0,0.6,914,6.6,0.0,0.7,915,6.6,0.0,0.6,917,6.8,0.0,0.6,917,7.4,0.1,0.7,918,6.6,0.0,0.7,918,7.3,0.1,0.9
"전체","광주광역시 서구",919,6.6,0.0,0.5,913,6.6,0.0,0.6,914,6.6,0.0,0.6,935,6.8,0.0,0.5,935,7.4,0.1,0.7,924,6.6,0.0,0.7,924,7.2,0.1,0.8
"전체","대전광역시",4575,6.6,0.0,0.3,4575,6.6,0.0,0.3,4576,6.6,0.0,0.3,4579,6.7,0.0,0.3,4579,7.3,0.0,0.3,4604,6.6,0.0,0.3,4606,7.3,0.0,0.3
"전체","대전광역시 대덕구",917,6.5,0.0,0.6,913,6.5,0.0,0.7,914,6.7,0.0,0.7,915,6.7,0.0,0.7,915,7.3,0.1,0.9,916,6.6,0.0,0.7,916,7.2,0.1,0.8
"전체","대전광역시 동구",915,6.5,0.0,0.7,914,6.4,0.0,0.7,916,6.4,0.0,0.6,915,6.7,0.0,0.7,915,7.2,0.1,0.7,927,6.6,0.0,0.6,927,7.3,0.1,0.7
"전체","대전광역시 서구",917,6.7,0.0,0.6,916,6.6,0.0,0.7,916,6.6,0.0,0.6,919,6.7,0.0,0.5,919,7.3,0.0,0.7,932,6.8,0.0,0.5,934,7.3,0.0,0.6
"전체","대전광역시 유성구",912,6.5,0.0,0.7,918,6.7,0.0,0.7,914,6.7,0.0,0.7,915,6.7,0.0,0.5,915,7.4,0.1,0.8,913,6.6,0.0,0.7,913,7.3,0.1,0.8
"전체","대전광역시 중구",914,6.6,0.1,0.8,914,6.7,0.0,0.6,916,6.7,0.0,0.6,915,6.7,0.0,0.6,915,7.3,0.1,0.8,916,6.5,0.0,0.6,916,7.1,0.0,0.6
"전체","울산광역시",4549,6.6,0.0,0.3,4552,6.6,0.0,0.3,4551,6.6,0.0,0.3,4555,6.7,0.0,0.3,4555,7.3,0.0,0.3,4553,6.6,0.0,0.3,4554,7.2,0.0,0.3
"전체","울산광역시 남구",911,6.5,0.0,0.6,911,6.5,0.0,0.7,912,6.6,0.0,0.6,914,6.7,0.0,0.6,914,7.5,0.0,0.6,915,6.7,0.0,0.6,915,7.4,0.0,0.6
"전체","울산광역시 동구",909,6.7,0.0,0.5,910,6.7,0.0,0.7,909,6.6,0.0,0.7,910,6.7,0.1,0.9,910,7.4,0.1,0.9,910,6.7,0.0,0.7,909,7.2,0.1,0.7
"전체","울산광역시 북구",910,6.5,0.0,0.7,910,6.6,0.0,0.7,911,6.7,0.0,0.5,912,6.8,0.0,0.6,912,7.4,0.1,0.8,912,6.6,0.0,0.6,912,7.4,0.1,0.8
"전체","울산광역시 울주군",909,6.6,0.1,0.9,912,6.6,0.0,0.6,909,6.6,0.0,0.6,909,6.7,0.0,0.6,909,7.1,0.1,0.7,907,6.4,0.1,0.8,909,6.9,0.1,1.1
"전체","울산광역시 중구",910,6.6,0.0,0.6,909,6.8,0.0,0.6,910,6.6,0.0,0.6,910,6.8,0.0,0.6,910,7.2,0.1,0.8,909,6.7,0.0,0.6,909,7.2,0.0,0.7
"전체","세종특별자치시",918,6.6,0.0,0.6,917,6.8,0.0,0.7,917,6.6,0.0,0.7,917,6.7,0.0,0.7,917,7.3,0.1,0.7,919,6.6,0.0,0.6,919,7.4,0.1,0.7
"전체","세종특별자치시 세종시",918,6.6,0.0,0.6,917,6.8,0.0,0.7,917,6.6,0.0,0.7,917,6.7,0.0,0.7,917,7.3,0.1,0.7,919,6.6,0.0,0.6,919,7.4,0.1,0.7
"전체","경기도",40984,6.5,0.0,0.1,40953,6.7,0.0,0.1,41860,6.6,0.0,0.1,41969,6.7,0.0,0.1,41969,7.4,0.0,0.1,41882,6.6,0.0,0.1,41881,7.3,0.0,0.1
"전체","경기도 가평군",899,6.6,0.0,0.7,901,6.9,0.0,0.7,901,6.6,0.1,0.8,907,6.8,0.0,0.7,907,7.2,0.1,0.7,900,6.7,0.0,0.7,900,7.2,0.1,0.8
"전체","경기도 고양시",2732,6.5,0.0,0.4,2727,6.6,0.0,0.4,2758,6.5,0.0,0.4,2760,6.6,0.0,0.4,2760,7.4,0.0,0.4,2741,6.5,0.0,0.4,2741,7.3,0.0,0.4
"전체","경기도 과천시",900,6.6,0.0,0.6,901,6.7,0.0,0.6,916,6.6,0.0,0.6,902,6.7,0.0,0.6,902,7.3,0.0,0.6,901,6.6,0.0,0.6,901,7.4,0.0,0.7
"전체","경기도 구리시",911,6.5,0.0,0.7,914,6.8,0.0,0.6,911,6.6,0.0,0.5,918,6.6,0.0,0.6,918,7.4,0.1,0.8,910,6.6,0.0,0.7,910,7.1,0.1,0.7
"전체","경기도 김포시",915,6.7,0.1,0.8,911,6.8,0.0,0.6,910,6.5,0.0,0.7,912,6.6,0.0,0.6,911,7.5,0.1,0.7,911,6.5,0.0,0.7,911,7.3,0.1,0.7
"전체","경기도 남양주시",916,6.5,0.0,0.6,917,6.6,0.0,0.6,1801,6.6,0.0,0.4,1806,6.6,0.0,0.5,1806,7.4,0.0,0.6,1805,6.5,0.0,0.5,1805,7.3,0.0,0.5
"전체","경기도 동두천시",905,6.6,0.0,0.7,905,6.7,0.0,0.7,904,6.7,0.0,0.7,924,6.9,0.1,0.9,924,7.6,0.1,1.0,905,6.8,0.1,0.9,905,7.5,0.1,0.9
"전체","경기도 부천시",2729,6.5,0.0,0.4,2731,6.6,0.0,0.4,2731,6.5,0.0,0.4,2752,6.6,0.0,0.4,2752,7.3,0.0,0.5,2735,6.5,0.0,0.4,2736,7.2,0.0,0.5
"전체","경기도 양주시",909,6.6,0.1,0.8,912,6.7,0.0,0.6,909,6.6,0.0,0.7,910,6.7,0.0,0.6,910,7.2,0.1,0.7,911,6.6,0.0,0.7,911,7.2,0.1,0.8
"전체","경기도 양평군",905,6.6,0.0,0.6,909,6.9,0.0,0.7,906,6.6,0.0,0.5,907,6.7,0.0,0.6,907,7.1,0.1,0.8,905,6.7,0.0,0.7,905,7.1,0.1,0.9
"전체","경기도 여주군",-,-,-,-,-,0.0,0.0,0.0,-,-,-,-,-,-,-,-,-,-,-,-,-,-,-,-,-,-,-,-
"전체","경기도 여주시",906,6.6,0.0,0.6,907,6.8,0.0,0.7,908,6.8,0.0,0.7,907,6.8,0.0,0.6,907,7.3,0.1,0.8,909,6.6,0.0,0.7,909,7.0,0.1,0.8
"전체","경기도 연천군",896,6.6,0.1,0.8,895,6.8,0.0,0.7,895,6.6,0.1,0.9,895,6.7,0.0,0.7,895,7.1,0.1,0.8,895,6.8,0.0,0.7,895,7.2,0.1,1.0
"전체","경기도 의정부시",910,6.5,0.0,0.6,910,6.8,0.0,0.6,909,6.5,0.0,0.5,912,6.7,0.0,0.7,912,7.4,0.1,0.9,913,6.6,0.0,0.7,913,7.3,0.1,0.7
"전체","경기도 이천시",910,6.6,0.0,0.7,909,6.8,0.1,0.7,911,6.7,0.0,0.7,912,6.7,0.1,0.7,913,7.5,0.1,0.8,912,6.6,0.0,0.7,912,7.3,0.1,0.9
"전체","경기도 파주시",910,6.5,0.0,0.7,911,6.6,0.0,0.7,916,6.6,0.0,0.7,910,6.8,0.0,0.6,910,7.5,0.1,0.7,910,6.7,0.0,0.7,910,7.5,0.1,0.9
"전체","경기도 포천시",909,6.7,0.0,0.7,908,6.7,0.1,0.8,909,6.9,0.0,0.7,904,6.7,0.1,0.8,904,7.2,0.1,0.9,908,6.6,0.0,0.7,908,7.1,0.1,0.9
"전체","경기도 하남시",908,6.5,0.0,0.7,913,6.6,0.0,0.6,907,6.6,0.0,0.5,915,6.6,0.0,0.7,915,7.3,0.1,0.8,909,6.6,0.0,0.6,909,7.4,0.1,0.7
"전체","경기도 광명시",910,6.7,0.0,0.6,918,6.6,0.0,0.5,916,6.6,0.0,0.6,917,6.7,0.0,0.6,917,7.4,0.1,0.8,910,6.5,0.0,0.7,910,7.3,0.1,0.8
"전체","경기도 광주시",911,6.6,0.0,0.7,916,6.8,0.0,0.6,914,6.5,0.0,0.8,919,6.7,0.0,0.7,919,7.2,0.1,0.8,910,6.8,0.1,0.9,910,7.4,0.1,0.8
"전체","경기도 군포시",910,6.5,0.0,0.7,909,6.6,0.0,0.6,910,6.6,0.0,0.7,908,6.7,0.0,0.6,909,7.5,0.1,0.8,908,6.6,0.0,0.8,908,7.3,0.1,0.8
"전체","경기도 성남시",2737,6.6,0.0,0.4,2744,6.7,0.0,0.3,2733,6.6,0.0,0.4,2737,6.7,0.0,0.3,2737,7.5,0.0,0.4,2735,6.6,0.0,0.4,2734,7.4,0.0,0.5
"전체","경기도 수원시",3651,6.5,0.0,0.3,3644,6.6,0.0,0.3,3647,6.6,0.0,0.3,3658,6.6,0.0,0.3,3658,7.5,0.0,0.4,3658,6.5,0.0,0.3,3658,7.4,0.0,0.4
"전체","경기도 시흥시",910,6.5,0.0,0.6,909,6.8,0.0,0.7,910,6.5,0.0,0.6,909,6.6,0.0,0.7,910,7.5,0.1,0.7,910,6.5,0.0,0.7,910,7.4,0.0,0.7
"전체","경기도 안산시",1840,6.4,0.0,0.4,1823,6.6,0.0,0.5,1822,6.5,0.0,0.5,1834,6.6,0.0,0.5,1832,7.4,0.0,0.6,1849,6.5,0.0,0.5,1849,7.4,0.0,0.6
"전체","경기도 안성시",910,6.5,0.0,0.7,910,6.9,0.0,0.6,908,6.7,0.0,0.7,909,6.8,0.0,0.7,908,7.4,0.1,0.8,908,6.6,0.0,0.7,908,7.2,0.1,0.8
"전체","경기도 안양시",1821,6.4,0.0,0.4,1821,6.5,0.0,0.5,1819,6.6,0.0,0.5,1817,6.6,0.0,0.5,1818,7.4,0.0,0.6,1819,6.5,0.0,0.4,1819,7.3,0.0,0.5
"전체","경기도 오산시",909,6.5,0.0,0.7,908,6.7,0.0,0.6,909,6.6,0.0,0.7,909,6.6,0.0,0.7,909,7.6,0.1,0.9,909,6.5,0.0,0.7,908,7.5,0.1,0.8
"전체","경기도 용인시",2727,6.6,0.0,0.4,2730,6.6,0.0,0.4,2730,6.6,0.0,0.4,2729,6.7,0.0,0.4,2729,7.3,0.0,0.4,2727,6.6,0.0,0.3,2727,7.3,0.0,0.4
"전체","경기도 의왕시",924,6.6,0.0,0.5,912,6.6,0.0,0.6,911,6.4,0.0,0.7,918,6.6,0.0,0.7,918,7.4,0.1,0.7,913,6.5,0.0,0.7,913,7.2,0.1,0.8
"전체","경기도 평택시",1835,6.5,0.0,0.5,1818,6.8,0.0,0.5,1819,6.6,0.0,0.5,1836,6.6,0.0,0.6,1836,7.5,0.0,0.7,1831,6.6,0.0,0.6,1831,7.4,0.0,0.6
"전체","경기도 화성시",919,6.5,0.0,0.6,910,6.7,0.0,0.5,910,6.6,0.0,0.6,916,6.7,0.0,0.7,916,7.6,0.1,0.9,915,6.6,0.0,0.7,915,7.3,0.1,0.8
"전체","강원도",15819,6.6,0.0,0.2,15810,6.8,0.0,0.2,15815,6.7,0.0,0.2,15804,6.7,0.0,0.2,15803,7.2,0.0,0.3,15818,6.6,0.0,0.2,15818,7.2,0.0,0.3
"전체","강원도 강릉시",895,6.6,0.0,0.8,894,6.6,0.0,0.7,891,6.7,0.0,0.7,893,6.7,0.0,0.7,893,7.2,0.1,0.7,891,6.6,0.1,0.8,891,7.2,0.1,0.8
"전체","강원도 고성군",871,6.6,0.1,1.0,864,6.9,0.0,0.7,872,6.8,0.1,0.9,868,6.7,0.1,0.8,868,6.9,0.1,0.9,874,6.8,0.1,0.8,874,7.1,0.1,0.9
"전체","강원도 동해시",891,6.7,0.1,0.7,886,6.7,0.0,0.7,888,6.7,0.0,0.7,885,6.6,0.0,0.8,885,7.1,0.1,1.0,885,6.5,0.0,0.7,885,7.0,0.1,0.9
"전체","강원도 삼척시",883,6.7,0.0,0.7,882,6.9,0.0,0.7,887,6.8,0.0,0.7,883,6.8,0.1,0.8,883,7.1,0.1,0.9,884,6.6,0.0,0.6,884,7.1,0.1,0.9
"전체","강원도 속초시",886,6.8,0.0,0.6,891,6.9,0.1,0.7,885,6.9,0.0,0.7,886,6.8,0.0,0.6,886,7.3,0.1,0.7,891,6.8,0.0,0.6,891,7.4,0.1,0.9
"전체","강원도 양구군",861,6.7,0.1,1.0,864,7.0,0.1,0.9,861,6.6,0.1,0.8,862,6.8,0.1,0.7,862,7.2,0.1,1.0,861,6.6,0.0,0.7,861,7.0,0.1,0.9
"전체","강원도 양양군",859,6.6,0.1,0.8,874,6.6,0.0,0.6,868,6.6,0.1,0.8,866,6.6,0.0,0.6,866,6.9,0.0,0.7,868,6.6,0.0,0.7,868,7.1,0.1,0.9
"전체","강원도 영월군",876,6.6,0.1,0.8,876,6.9,0.1,0.8,875,6.7,0.1,0.8,875,6.7,0.0,0.7,875,7.0,0.1,0.9,875,6.7,0.1,0.8,875,7.1,0.0,0.7
"전체","강원도 원주시",892,6.5,0.0,0.6,891,6.8,0.0,0.7,892,6.7,0.0,0.6,891,6.6,0.1,0.8,891,7.3,0.1,0.7,891,6.6,0.0,0.5,891,7.2,0.1,0.8
"전체","강원도 인제군",872,6.7,0.1,0.8,870,6.8,0.0,0.7,871,6.8,0.1,1.2,870,6.7,0.1,0.8,870,7.2,0.1,1.0,874,6.6,0.1,0.8,874,7.1,0.1,1.0
"전체","강원도 정선군",876,6.6,0.0,0.7,876,6.9,0.1,0.8,875,6.6,0.1,0.8,875,6.8,0.1,0.8,875,7.2,0.1,1.0,875,6.6,0.1,1.0,875,6.9,0.1,1.1
"전체","강원도 철원군",881,6.5,0.0,0.6,880,6.8,0.0,0.7,878,6.7,0.1,0.8,879,6.8,0.0,0.6,879,7.3,0.1,0.9,877,6.8,0.0,0.7,877,7.1,0.1,0.8
"전체","강원도 춘천시",893,6.5,0.0,0.7,888,6.7,0.0,0.7,893,6.6,0.0,0.7,891,6.8,0.0,0.7,890,7.4,0.1,0.8,893,6.6,0.1,0.8,893,7.4,0.1,0.8
"전체","강원도 태백시",878,6.7,0.0,0.7,877,6.7,0.0,0.7,879,6.6,0.0,0.6,878,6.6,0.0,0.7,878,7.2,0.1,0.9,877,6.6,0.1,0.8,877,7.0,0.1,1.0
"전체","강원도 평창군",879,6.6,0.0,0.6,877,6.8,0.0,0.7,877,6.8,0.0,0.6,876,6.8,0.0,0.6,876,7.1,0.1,0.7,879,6.6,0.0,0.7,879,7.0,0.1,0.8
"전체","강원도 홍천군",882,6.7,0.1,0.8,882,6.7,0.1,0.9,882,6.9,0.1,0.8,884,6.8,0.0,0.6,884,7.1,0.0,0.6,883,6.5,0.0,0.7,883,7.0,0.1,1.0
"전체","강원도 화천군",865,6.6,0.1,0.9,860,6.8,0.1,1.0,863,6.6,0.1,0.8,863,6.8,0.1,0.9,863,7.2,0.1,1.0,863,6.7,0.0,0.7,863,7.1,0.1,1.0
"전체","강원도 횡성군",879,6.6,0.0,0.7,878,6.7,0.1,1.0,878,6.7,0.0,0.6,879,6.8,0.1,0.8,879,7.1,0.1,0.9,877,6.7,0.0,0.6,877,7.0,0.1,0.8
"전체","충청북도",12460,6.6,0.0,0.2,12458,6.7,0.0,0.2,12484,6.7,0.0,0.2,12488,6.8,0.0,0.2,12488,7.3,0.0,0.3,12479,6.6,0.0,0.2,12479,7.2,0.0,0.3
"전체","충청북도 괴산군",882,6.6,0.1,0.8,882,6.9,0.1,0.9,881,6.7,0.1,0.8,887,6.7,0.0,0.7,887,7.0,0.1,0.9,881,6.6,0.1,0.8,881,6.9,0.1,1.0
"전체","충청북도 단양군",876,6.7,0.0,0.6,876,6.7,0.1,0.8,881,6.6,0.1,0.8,876,6.7,0.1,0.8,876,7.1,0.1,0.9,876,6.6,0.0,0.7,876,7.0,0.1,0.9
"전체","충청북도 보은군",879,6.7,0.0,0.7,876,6.9,0.1,0.9,885,6.6,0.0,0.8,884,6.7,0.1,0.8,884,7.1,0.1,1.1,881,6.7,0.1,0.9,881,7.1,0.1,1.0
"전체","충청북도 영동군",884,6.8,0.0,0.6,887,6.8,0.0,0.7,887,6.9,0.1,0.8,883,6.8,0.0,0.6,883,7.0,0.0,0.7,889,6.6,0.1,0.8,889,6.9,0.1,1.1
"전체","충청북도 옥천군",888,6.7,0.0,0.7,889,6.7,0.0,0.6,889,6.7,0.1,0.9,889,6.8,0.1,0.7,889,7.1,0.1,0.8,892,6.7,0.0,0.7,892,7.0,0.1,0.8
"전체","충청북도 음성군",894,6.7,0.0,0.7,893,6.8,0.1,0.8,892,6.7,0.0,0.7,902,6.7,0.1,0.9,902,7.2,0.1,1.0,897,6.7,0.0,0.7,897,7.2,0.1,0.9
"전체","충청북도 제천시",894,6.6,0.1,0.8,895,6.7,0.1,0.9,896,6.6,0.1,0.8,899,6.8,0.0,0.7,899,7.3,0.1,0.8,895,6.7,0.1,0.8,895,7.1,0.1,0.8
"전체","충청북도 증평군",877,6.6,0.0,0.7,874,6.7,0.1,1.0,885,6.6,0.0,0.7,887,6.9,0.1,1.1,887,7.4,0.1,1.1,878,6.6,0.0,0.7,878,7.3,0.1,1.0
"전체","충청북도 진천군",888,6.7,0.0,0.6,892,6.8,0.0,0.6,889,6.7,0.0,0.6,887,6.8,0.0,0.5,887,7.3,0.1,0.7,886,6.7,0.1,0.7,886,7.3,0.1,1.0
"전체","충청북도 청원군",-,-,-,-,-,0.0,0.0,0.0,-,-,-,-,-,-,-,-,-,-,-,-,-,-,-,-,-,-,-,-
"전체","충청북도 청주시",-,-,-,-,-,0.0,0.0,0.0,-,-,-,-,-,-,-,-,-,-,-,-,-,-,-,-,-,-,-,-
"전체","충청북도 충주시",902,6.6,0.0,0.6,897,6.7,0.0,0.7,897,6.5,0.0,0.7,898,6.8,0.0,0.7,898,7.3,0.1,0.8,899,6.5,0.1,0.8,899,7.2,0.1,1.0
"전체","충청북도 통합청주시",3596,6.6,0.0,0.3,3597,6.7,0.0,0.3,3602,6.7,0.0,0.3,3596,6.7,0.0,0.3,3596,7.4,0.0,0.4,3605,6.6,0.0,0.3,3605,7.3,0.0,0.4
"전체","충청남도",13475,6.5,0.0,0.2,13470,6.7,0.0,0.2,13478,6.7,0.0,0.2,13434,6.7,0.0,0.2,13433,7.3,0.0,0.3,13470,6.6,0.0,0.3,13472,7.2,0.0,0.3
"전체","충청남도 계룡시",890,6.6,0.1,0.8,894,6.6,0.0,0.6,893,6.6,0.0,0.6,885,6.6,0.1,0.8,885,7.3,0.1,0.8,898,6.5,0.0,0.7,898,7.2,0.0,0.6
"전체","충청남도 공주시",900,6.5,0.0,0.7,904,6.7,0.0,0.7,907,6.7,0.0,0.6,898,6.7,0.0,0.6,898,7.2,0.0,0.7,901,6.6,0.1,0.8,901,7.1,0.1,0.9
"전체","충청남도 금산군",894,6.5,0.0,0.7,893,6.8,0.1,0.8,891,6.6,0.1,0.8,890,6.5,0.1,0.9,890,6.8,0.1,1.1,894,6.4,0.0,0.8,894,6.8,0.1,0.9
"전체","충청남도 논산시",904,6.7,0.0,0.7,890,6.6,0.1,0.8,912,6.7,0.1,0.8,901,6.7,0.0,0.7,901,7.0,0.1,0.7,907,6.6,0.1,0.9,907,6.8,0.1,1.0
"전체","충청남도 당진군",-,-,-,-,-,0.0,0.0,0.0,-,-,-,-,-,-,-,-,-,-,-,-,-,-,-,-,-,-,-,-
"전체","충청남도 당진시",897,6.5,0.0,0.7,897,6.8,0.0,0.7,900,6.6,0.0,0.6,899,6.9,0.0,0.6,899,7.3,0.0,0.6,899,6.6,0.1,0.8,900,7.1,0.1,1.1
"전체","충청남도 보령시",906,6.5,0.0,0.8,900,6.6,0.0,0.7,905,6.7,0.0,0.7,896,6.7,0.0,0.7,896,7.1,0.1,0.9,901,6.6,0.1,0.8,901,7.1,0.1,0.9
"전체","충청남도 부여군",894,6.9,0.1,1.3,894,6.8,0.0,0.7,899,6.8,0.0,0.6,899,6.7,0.0,0.7,899,7.0,0.1,0.9,903,6.7,0.0,0.7,905,6.9,0.1,0.9
"전체","충청남도 서산시",900,6.5,0.0,0.7,904,6.6,0.0,0.7,899,6.6,0.0,0.8,900,6.6,0.1,0.8,900,7.2,0.1,0.9,900,6.7,0.0,0.7,899,7.2,0.1,0.8
"전체","충청남도 서천군",903,6.5,0.1,0.9,900,6.7,0.1,0.7,896,6.5,0.0,0.7,891,6.8,0.1,1.0,890,7.0,0.1,1.1,893,6.7,0.1,1.0,893,6.9,0.1,1.1
"전체","충청남도 아산시",901,6.5,0.0,0.7,906,6.8,0.1,0.8,902,6.8,0.0,0.7,901,6.8,0.0,0.7,901,7.3,0.1,0.7,901,6.6,0.0,0.7,901,7.3,0.0,0.7
"전체","충청남도 연기군",-,-,-,-,-,0.0,0.0,0.0,-,-,-,-,-,-,-,-,-,-,-,-,-,-,-,-,-,-,-,-
"전체","충청남도 예산군",900,6.6,0.1,0.8,898,6.7,0.0,0.7,895,6.5,0.1,0.8,895,6.5,0.0,0.7,895,6.9,0.1,1.0,895,6.5,0.0,0.6,895,6.9,0.1,0.9
"전체","충청남도 천안시",905,6.5,0.0,0.7,904,6.8,0.0,0.6,903,6.6,0.0,0.6,905,6.7,0.0,0.5,905,7.5,0.0,0.6,905,6.6,0.0,0.7,905,7.4,0.1,0.9
"전체","충청남도 청양군",885,6.8,0.1,0.8,888,6.8,0.1,0.8,886,6.6,0.1,0.8,883,6.8,0.0,0.7,883,7.1,0.1,1.0,883,6.6,0.0,0.7,883,6.8,0.1,0.8
"전체","충청남도 태안군",897,6.5,0.0,0.7,896,6.6,0.1,0.8,894,6.7,0.1,0.8,894,6.8,0.1,0.8,894,7.2,0.1,0.9,893,6.7,0.0,0.6,893,7.0,0.1,0.9
"전체","충청남도 홍성군",899,6.6,0.0,0.6,902,6.8,0.1,0.8,896,6.7,0.1,1.0,897,6.8,0.1,0.8,897,7.3,0.1,0.8,897,6.6,0.0,0.7,897,7.1,0.1,0.9
"전체","전라북도",12405,6.6,0.0,0.2,12437,6.7,0.0,0.3,12411,6.7,0.0,0.2,12437,6.8,0.0,0.2,12437,7.3,0.0,0.3,12424,6.7,0.0,0.3,12425,7.1,0.0,0.3
"전체","전라북도 고창군",889,6.4,0.1,0.8,877,6.5,0.0,0.7,898,6.5,0.0,0.7,886,6.8,0.0,0.7,885,7.1,0.1,0.9,887,6.6,0.1,0.8,887,6.8,0.1,0.9
"전체","전라북도 군산시",899,6.6,0.0,0.7,907,6.7,0.0,0.7,899,6.7,0.1,0.8,899,6.8,0.0,0.6,900,7.3,0.1,0.8,900,6.7,0.1,0.8,900,7.2,0.1,0.8
"전체","전라북도 김제시",891,6.5,0.0,0.8,896,6.7,0.1,0.9,893,6.6,0.1,0.8,895,6.8,0.0,0.7,895,7.2,0.1,0.8,894,6.6,0.1,0.8,893,7.1,0.1,1.1
"전체","전라북도 남원시",892,6.7,0.0,0.7,892,6.8,0.1,0.8,891,6.7,0.1,0.8,892,6.9,0.0,0.7,892,7.1,0.1,0.9,890,6.7,0.0,0.6,890,7.1,0.1,0.9
"전체","전라북도 무주군",873,6.7,0.1,0.9,875,6.9,0.1,0.9,870,6.7,0.0,0.7,876,6.8,0.1,0.8,876,7.2,0.1,1.1,868,6.7,0.1,0.9,869,7.0,0.1,1.1
"전체","전라북도 부안군",888,6.6,0.1,0.8,889,6.9,0.1,0.9,889,6.7,0.1,0.9,888,6.8,0.1,0.8,888,7.0,0.1,0.8,888,6.6,0.1,0.8,888,6.9,0.1,1.0
"전체","전라북도 순창군",872,6.7,0.0,0.7,859,7.0,0.1,0.9,873,6.9,0.1,0.9,878,6.8,0.1,0.8,878,6.9,0.1,0.8,882,6.7,0.1,0.8,883,6.9,0.1,0.8
"전체","전라북도 완주군",892,6.6,0.0,0.6,897,6.8,0.0,0.7,894,6.7,0.1,0.8,892,7.0,0.1,0.8,892,7.5,0.1,0.9,904,6.8,0.1,0.9,904,7.2,0.1,1.0
"전체","전라북도 익산시",899,6.5,0.0,0.6,900,6.7,0.0,0.7,899,6.8,0.0,0.6,900,6.9,0.0,0.6,900,7.4,0.1,0.7,900,6.6,0.0,0.6,900,7.1,0.1,0.9
"전체","전라북도 임실군",873,6.7,0.1,0.8,881,6.9,0.0,0.7,871,7.1,0.1,0.7,880,7.0,0.1,0.7,880,7.1,0.1,0.9,876,6.9,0.1,0.9,876,7.1,0.1,1.1
"전체","전라북도 장수군",875,6.9,0.0,0.6,881,7.1,0.0,0.7,867,6.8,0.0,0.7,880,7.0,0.1,0.9,880,7.1,0.1,1.0,872,6.6,0.0,0.7,872,6.9,0.1,0.8
"전체","전라북도 전주시",900,6.6,0.0,0.5,899,6.7,0.0,0.6,900,6.7,0.0,0.5,901,6.7,0.0,0.5,901,7.4,0.0,0.5,899,6.7,0.0,0.6,899,7.2,0.0,0.5
"전체","전라북도 정읍시",890,6.5,0.1,0.9,899,6.8,0.0,0.7,895,6.7,0.0,0.7,900,6.8,0.0,0.7,900,7.2,0.0,0.7,894,6.7,0.1,0.8,894,7.1,0.1,0.9
"전체","전라북도 진안군",872,6.8,0.0,0.7,885,7.1,0.0,0.6,872,6.9,0.1,0.8,870,6.8,0.1,0.8,870,7.1,0.1,0.9,870,6.6,0.1,0.9,870,7.0,0.1,1.2
"전체","전라남도",19616,6.6,0.0,0.2,19474,6.7,0.0,0.2,19526,6.6,0.0,0.2,19542,6.7,0.0,0.2,19543,7.2,0.0,0.2,19541,6.7,0.0,0.2,19542,7.1,0.0,0.3
"전체","전라남도 강진군",886,6.7,0.1,0.8,888,6.8,0.0,0.7,882,6.6,0.1,1.0,883,6.5,0.1,0.9,883,6.9,0.1,1.0,882,6.6,0.1,0.9,882,6.9,0.1,1.1
"전체","전라남도 고흥군",920,6.8,0.0,0.7,921,6.8,0.0,0.7,892,6.6,0.1,0.8,894,6.7,0.0,0.7,894,6.9,0.1,0.8,890,6.7,0.0,0.7,890,6.9,0.1,0.9
"전체","전라남도 곡성군",883,6.8,0.1,0.8,878,6.9,0.0,0.7,876,6.6,0.0,0.7,876,6.8,0.0,0.6,876,7.0,0.1,0.8,878,6.7,0.0,0.7,879,7.0,0.1,0.9
"전체","전라남도 광양시",896,6.7,0.0,0.6,896,6.7,0.1,0.8,896,6.6,0.0,0.6,896,6.7,0.0,0.7,896,7.3,0.1,0.8,897,6.5,0.1,0.9,897,7.2,0.1,1.0
"전체","전라남도 구례군",876,6.6,0.0,0.7,892,7.0,0.1,0.8,873,6.7,0.0,0.7,877,6.6,0.0,0.7,877,7.0,0.1,1.1,876,6.6,0.0,0.7,876,6.9,0.1,0.9
"전체","전라남도 나주시",890,6.7,0.0,0.6,891,6.8,0.1,0.8,892,6.7,0.0,0.6,892,6.9,0.0,0.6,892,7.3,0.1,0.9,893,6.7,0.0,0.6,893,7.2,0.1,0.7
"전체","전라남도 담양군",893,6.7,0.1,0.9,885,6.8,0.1,0.8,887,6.7,0.1,0.8,885,6.6,0.0,0.7,885,7.0,0.1,1.0,897,6.7,0.0,0.7,897,7.1,0.1,0.9
"전체","전라남도 목포시",898,6.5,0.0,0.7,898,6.7,0.0,0.6,898,6.6,0.0,0.6,900,6.7,0.0,0.7,900,7.2,0.1,0.7,897,6.7,0.1,0.8,897,7.2,0.1,1.0
"전체","전라남도 무안군",891,6.5,0.0,0.7,893,6.6,0.0,0.6,891,6.7,0.1,1.3,892,6.8,0.0,0.7,892,7.2,0.1,0.8,891,6.5,0.0,0.7,891,7.0,0.1,0.7
"전체","전라남도 보성군",886,6.8,0.0,0.7,884,6.9,0.1,0.8,884,6.9,0.1,0.8,882,6.7,0.1,0.8,884,6.9,0.1,1.0,887,6.8,0.1,0.9,887,6.9,0.1,0.8
"전체","전라남도 순천시",898,6.6,0.0,0.7,899,6.6,0.0,0.6,898,6.6,0.0,0.6,901,6.7,0.1,0.8,901,7.1,0.1,0.9,898,6.6,0.0,0.7,898,7.2,0.1,0.9
"전체","전라남도 신안군",889,6.7,0.1,0.9,884,6.7,0.1,1.1,884,6.7,0.1,0.9,882,6.9,0.1,0.8,882,7.1,0.1,0.8,884,6.7,0.0,0.7,884,6.9,0.1,0.8
"전체","전라남도 여수시",913,6.6,0.0,0.6,898,6.6,0.0,0.6,898,6.6,0.0,0.7,898,6.8,0.0,0.6,898,7.3,0.1,0.8,897,6.7,0.0,0.7,897,7.2,0.1,1.0
"전체","전라남도 영광군",894,6.6,0.0,0.7,893,6.7,0.1,0.8,887,6.7,0.1,1.1,896,6.9,0.0,0.6,896,7.2,0.1,0.9,890,7.0,0.0,0.6,890,7.2,0.0,0.6
"전체","전라남도 영암군",898,6.5,0.0,0.6,906,6.8,0.1,0.9,887,6.6,0.1,0.8,887,6.7,0.0,0.7,887,7.1,0.1,0.7,887,6.8,0.0,0.7,887,7.2,0.1,0.9
"전체","전라남도 완도군",894,6.7,0.1,0.9,888,7.1,0.1,0.9,887,6.6,0.1,1.0,889,6.7,0.1,0.8,889,6.9,0.1,0.9,887,6.6,0.1,0.8,887,6.8,0.1,1.6
"전체","전라남도 장성군",886,6.6,0.1,1.2,885,6.9,0.0,0.7,891,6.8,0.1,1.2,886,6.8,0.1,0.8,886,7.2,0.1,0.8,886,6.6,0.0,0.7,886,6.8,0.1,0.9
"전체","전라남도 장흥군",881,6.6,0.0,0.7,834,6.7,0.1,0.9,882,6.6,0.1,0.9,883,6.8,0.1,0.8,883,7.0,0.1,0.8,882,6.7,0.1,0.8,882,7.0,0.1,0.9
"전체","전라남도 진도군",878,6.7,0.0,0.6,875,6.6,0.1,0.8,878,6.5,0.1,1.2,873,6.7,0.1,0.9,872,6.9,0.1,1.0,878,6.5,0.1,1.0,878,6.8,0.1,1.3
"전체","전라남도 함평군",883,6.6,0.0,0.7,883,6.8,0.0,0.7,879,6.6,0.1,0.8,888,6.8,0.0,0.7,888,7.0,0.1,0.8,879,6.8,0.1,0.9,879,7.1,0.1,0.9
"전체","전라남도 해남군",893,6.6,0.1,0.9,814,7.0,0.1,0.9,892,6.8,0.0,0.7,890,6.8,0.0,0.6,890,7.2,0.1,0.8,892,6.7,0.1,0.8,892,7.0,0.1,0.8
"전체","전라남도 화순군",890,6.6,0.1,0.9,889,6.6,0.0,0.7,892,6.6,0.1,0.9,892,6.8,0.1,0.8,892,7.1,0.1,0.8,893,6.7,0.1,0.8,893,7.0,0.1,0.9
"전체","경상북도",22141,6.6,0.0,0.2,22098,6.7,0.0,0.2,22177,6.7,0.0,0.2,22155,6.7,0.0,0.2,22154,7.2,0.0,0.2,22169,6.6,0.0,0.2,22170,7.1,0.0,0.2
"전체","경상북도 경산시",895,6.4,0.0,0.7,899,6.7,0.0,0.7,898,6.7,0.0,0.7,899,6.6,0.0,0.7,899,7.2,0.1,0.9,898,6.5,0.0,0.6,898,7.2,0.1,0.8
"전체","경상북도 경주시",898,6.6,0.0,0.7,895,6.6,0.0,0.7,902,6.5,0.0,0.7,898,6.7,0.0,0.7,898,7.3,0.0,0.7,900,6.6,0.0,0.7,900,7.0,0.1,0.8
"전체","경상북도 고령군",880,6.5,0.0,0.8,881,6.9,0.1,1.0,884,6.8,0.1,0.8,880,6.9,0.1,0.8,880,7.2,0.1,0.9,891,6.7,0.1,1.0,891,7.1,0.1,1.4
"전체","경상북도 구미시",1792,6.6,0.0,0.6,1792,6.8,0.0,0.5,1790,6.8,0.0,0.5,1797,6.8,0.0,0.5,1797,7.6,0.1,0.7,1790,6.6,0.0,0.5,1790,7.4,0.0,0.6
"전체","경상북도 군위군",866,6.7,0.1,0.9,854,6.8,0.1,0.9,871,6.5,0.1,0.8,868,6.8,0.1,0.8,868,7.2,0.1,1.1,870,6.7,0.0,0.7,871,7.0,0.1,0.9
"전체","경상북도 김천시",895,6.6,0.0,0.7,895,6.7,0.0,0.7,897,6.6,0.0,0.7,894,6.8,0.0,0.7,894,7.2,0.1,0.8,896,6.8,0.1,0.7,896,7.3,0.1,0.7
"전체","경상북도 문경시",887,6.4,0.0,0.8,863,6.6,0.0,0.7,889,6.7,0.0,0.6,893,6.8,0.1,0.7,893,7.1,0.1,0.8,892,6.7,0.0,0.6,892,7.0,0.0,0.7
"전체","경상북도 봉화군",880,6.7,0.1,0.8,879,6.8,0.0,0.7,878,6.7,0.0,0.7,886,6.6,0.1,0.8,886,6.9,0.1,0.9,881,6.6,0.1,0.9,881,6.8,0.1,1.1
"전체","경상북도 상주시",894,6.7,0.0,0.6,895,7.0,0.0,0.6,904,6.9,0.1,0.7,897,6.9,0.0,0.6,897,7.0,0.1,0.8,892,6.7,0.0,0.6,893,7.0,0.1,1.0
"전체","경상북도 성주군",890,7.0,0.1,0.8,882,7.1,0.1,0.7,884,6.8,0.1,0.9,884,6.8,0.0,0.6,884,7.0,0.1,0.8,886,6.6,0.0,0.7,886,6.8,0.1,1.0
"전체","경상북도 안동시",895,6.8,0.0,0.6,898,6.7,0.0,0.7,897,6.7,0.0,0.5,898,6.8,0.1,0.8,898,7.1,0.1,0.9,899,6.7,0.0,0.7,899,7.2,0.1,0.8
"전체","경상북도 영덕군",883,6.5,0.0,0.5,882,7.0,0.1,0.7,886,6.6,0.1,0.8,884,6.7,0.0,0.7,884,6.9,0.1,1.0,854,6.6,0.0,0.8,854,6.8,0.1,1.0
"전체","경상북도 영양군",864,7.0,0.1,0.9,859,6.8,0.1,0.9,864,6.6,0.1,1.1,860,6.9,0.1,0.8,860,7.2,0.1,0.8,867,6.9,0.1,0.7,867,7.1,0.1,0.8
"전체","경상북도 영주시",898,6.6,0.0,0.8,894,6.7,0.0,0.7,897,6.6,0.1,0.8,895,6.8,0.0,0.6,895,7.2,0.1,0.7,901,6.6,0.1,0.8,901,7.0,0.1,0.9
"전체","경상북도 영천시",894,6.6,0.0,0.7,896,6.6,0.1,0.8,894,6.5,0.0,0.8,894,6.6,0.1,0.8,894,7.1,0.1,1.0,894,6.5,0.1,0.8,894,7.1,0.1,0.9
"전체","경상북도 예천군",885,6.9,0.0,0.7,875,6.8,0.0,0.7,885,6.7,0.0,0.7,886,6.7,0.0,0.7,886,6.9,0.1,0.9,888,6.7,0.1,0.8,888,7.1,0.1,0.9
"전체","경상북도 울릉군",831,6.7,0.1,0.9,832,6.6,0.1,1.0,832,6.6,0.1,1.0,831,6.7,0.0,0.6,831,7.2,0.1,1.8,832,6.6,0.1,1.2,832,7.0,0.1,1.3
"전체","경상북도 울진군",886,6.7,0.0,0.7,880,6.9,0.0,0.7,890,6.5,0.0,0.7,887,6.6,0.0,0.7,887,7.1,0.1,1.0,888,6.7,0.1,0.9,888,7.3,0.1,1.0
"전체","경상북도 의성군",886,6.6,0.0,0.7,887,6.6,0.1,1.0,889,6.6,0.1,1.0,884,6.7,0.1,1.0,884,6.9,0.1,1.1,888,6.5,0.1,0.9,888,6.7,0.1,1.0
"전체","경상북도 청도군",885,6.7,0.0,0.7,889,6.8,0.0,0.7,886,6.7,0.0,0.7,884,6.6,0.1,0.8,884,6.9,0.1,1.0,886,6.6,0.1,0.8,886,6.9,0.1,0.9
"전체","경상북도 청송군",872,6.7,0.0,0.7,873,6.8,0.0,0.7,872,6.7,0.0,0.7,875,6.7,0.1,0.9,875,7.0,0.1,0.8,873,6.6,0.1,0.9,873,6.8,0.1,1.1
"전체","경상북도 칠곡군",890,6.7,0.0,0.7,894,6.7,0.1,0.8,893,6.6,0.0,0.7,892,6.8,0.1,0.8,893,7.6,0.1,1.4,898,6.7,0.0,0.7,898,7.5,0.1,0.8
"전체","경상북도 포항시",1795,6.6,0.0,0.5,1804,6.6,0.0,0.6,1795,6.7,0.0,0.5,1789,6.6,0.0,0.5,1787,7.2,0.0,0.5,1805,6.6,0.0,0.5,1804,7.1,0.0,0.6
"전체","경상남도",17932,6.6,0.0,0.2,17927,6.7,0.0,0.2,17941,6.6,0.0,0.2,17922,6.7,0.0,0.2,17925,7.3,0.0,0.2,17927,6.6,0.0,0.2,17929,7.2,0.0,0.3
"전체","경상남도 거제시",903,6.6,0.0,0.6,903,6.7,0.0,0.7,903,6.6,0.0,0.5,903,6.7,0.0,0.7,903,7.3,0.1,0.8,903,6.7,0.0,0.6,903,7.3,0.1,0.8
"전체","경상남도 거창군",894,6.7,0.0,0.7,894,6.8,0.1,0.8,894,6.8,0.0,0.7,894,6.7,0.1,0.9,894,7.1,0.1,1.5,894,6.7,0.0,0.7,894,7.0,0.1,0.9
"전체","경상남도 고성군",893,6.6,0.1,0.9,878,6.8,0.1,0.8,893,6.6,0.0,0.6,893,6.8,0.0,0.6,893,7.0,0.0,0.7,895,6.8,0.1,1.0,895,7.1,0.1,1.0
"전체","경상남도 김해시",904,6.6,0.0,0.6,905,6.6,0.0,0.7,904,6.5,0.0,0.7,904,6.7,0.0,0.6,905,7.4,0.1,0.8,905,6.6,0.0,0.6,905,7.5,0.1,0.8
"전체","경상남도 남해군",887,6.5,0.0,0.7,889,6.9,0.1,0.8,890,6.7,0.1,0.8,890,6.7,0.0,0.7,890,6.9,0.1,0.8,889,6.5,0.1,0.8,890,6.7,0.1,1.0
"전체","경상남도 창원시",2710,6.6,0.0,0.3,2709,6.6,0.0,0.4,2713,6.5,0.0,0.4,2709,6.7,0.0,0.4,2709,7.4,0.0,0.5,2713,6.5,0.0,0.5,2713,7.2,0.0,0.5
"전체","경상남도 밀양시",900,6.6,0.0,0.7,908,6.7,0.1,0.9,900,6.7,0.0,0.7,898,6.8,0.0,0.5,899,7.1,0.0,0.7,901,6.7,0.0,0.7,901,7.1,0.1,0.9
"전체","경상남도 사천시",899,6.6,0.0,0.7,899,6.8,0.0,0.6,901,6.8,0.0,0.7,899,6.6,0.0,0.7,899,7.2,0.1,0.9,899,6.5,0.0,0.8,899,7.0,0.1,0.8
"전체","경상남도 산청군",885,6.6,0.0,0.7,885,6.9,0.1,0.9,885,6.7,0.0,0.6,884,6.6,0.0,0.7,884,6.9,0.1,0.8,885,6.7,0.0,0.7,885,6.9,0.1,0.8
"전체","경상남도 양산시",903,6.6,0.0,0.6,903,6.7,0.0,0.7,903,6.6,0.0,0.5,904,6.8,0.0,0.6,904,7.3,0.1,0.7,903,6.7,0.0,0.5,903,7.4,0.1,0.7
"전체","경상남도 의령군",880,6.6,0.1,0.9,880,6.7,0.1,0.9,879,6.6,0.1,0.8,880,6.8,0.0,0.7,880,7.1,0.1,1.0,880,6.7,0.1,0.8,880,6.9,0.1,0.8
"전체","경상남도 진주시",904,6.5,0.0,0.6,905,6.5,0.0,0.7,906,6.6,0.0,0.6,905,6.6,0.0,0.7,905,7.1,0.1,0.8,904,6.5,0.0,0.6,904,7.2,0.1,1.0
"전체","경상남도 창녕군",900,6.6,0.0,0.7,900,6.9,0.0,0.7,900,6.7,0.0,0.7,901,6.8,0.0,0.6,901,7.0,0.0,0.6,900,6.7,0.0,0.5,900,7.0,0.0,0.7
"전체","경상남도 통영시",901,6.5,0.1,0.9,900,6.7,0.1,0.8,901,6.7,0.1,0.9,900,6.7,0.0,0.7,900,7.3,0.1,0.9,901,6.6,0.0,0.7,902,7.0,0.1,0.8
"전체","경상남도 하동군",891,6.5,0.1,0.9,891,6.5,0.1,0.8,891,6.5,0.1,0.8,891,6.6,0.1,0.8,891,6.8,0.1,0.9,891,6.4,0.1,0.8,891,6.7,0.1,1.0
"전체","경상남도 함안군",900,6.6,0.1,0.8,900,6.8,0.0,0.7,900,6.6,0.0,0.6,900,6.8,0.0,0.7,900,7.3,0.1,0.9,900,6.6,0.0,0.6,900,7.1,0.1,0.9
"전체","경상남도 함양군",887,6.7,0.1,0.9,887,7.1,0.1,1.0,887,6.7,0.0,0.7,887,6.9,0.1,0.9,887,7.2,0.1,0.9,887,6.6,0.1,0.8,887,7.0,0.1,1.4
"전체","경상남도 합천군",891,6.7,0.1,0.9,891,6.8,0.1,0.8,891,6.8,0.0,0.7,880,6.8,0.1,0.7,881,7.0,0.1,0.8,877,6.7,0.0,0.8,877,6.9,0.1,0.9
"전체","제주특별자치도",5033,6.5,0.0,0.4,5030,6.7,0.0,0.4,5050,6.7,0.0,0.5,5050,6.7,0.0,0.4,5049,7.3,0.0,0.5,5028,6.6,0.0,0.4,5028,7.1,0.0,0.5
"전체","제주특별자치도 서귀포시",-,-,-,-,-,-,-,-,2515,6.6,0.0,0.4,2518,6.7,0.0,0.5,2517,7.1,0.0,0.6,2505,6.5,0.0,0.5,2505,7.0,0.0,0.6
"전체","제주특별자치도 제주시",-,-,-,-,-,-,-,-,2535,6.7,0.0,0.7,2532,6.7,0.0,0.5,2532,7.3,0.0,0.7,2523,6.6,0.0,0.5,2523,7.2,0.0,0.6
